key,total,n,prop
corrected_lemma,3823,26317,14.526731770338564
corrected_spelling,462,26317,1.7555192461146787
corrected_synonym,660,26317,2.507884637306684
